timestamp_utc,scraped_at_utc,scraped_at_ist,ipo_id,company_name,board,close_date,url,price_band_high,issue_price,lot_size,gmp_rs,gmp_pct,gmp_as_of,gmp_date_raw,sub_total_x,sub_ig_x,sub_qib_x,registrar,capital_required,ev_capital_ratio,rank_of_day,rank_total_of_day,p_pop,p_allot,ev_retail,apply_s1,quality_score,apply_s2,quality_breakdown_json,s2_model_exret_pred,listing_date_expected,allotment_date,market_regime,error,verified,actual_listing_open,actual_open_return_pct,actual_is_clean_pop,verified_at,allotment_notified,allotment_notified_at
2026-08-31T16:52:16Z,2026-08-31T16:52:22Z,31-Aug 22:22 IST,2013,Lumino Industries,mainboard,2026-08-31,https://www.chittorgarh.com/ipo/lumino-industries-ipo/2013/,82.0,82.0,182,48.0,,2026-08-31,31-08-2026 Close,113.01,124.02,212.14,Bigshare Services Pvt.Ltd.,14924.0,0.0037542157989142906,1,2,0.9906999349193955,0.008848774444739404,56.02791658299687,True,3.0,True,"[{""name"": ""subscription"", ""value"": 113.01, ""status"": ""pass"", ""awarded"": true}, {""name"": ""ofs_ratio"", ""value"": 0.2857142857142857, ""status"": ""pass"", ""awarded"": true}, {""name"": ""roe"", ""value"": 24.62, ""status"": ""pass"", ""awarded"": true}, {""name"": ""debt_equity"", ""value"": 0.53, ""status"": ""fail"", ""awarded"": false}]",-0.09434421212988853,2026-09-03,2026-09-01,BULLISH,,True,110.0,34.14634146341464,True,2026-09-04T08:49:08Z,True,2026-09-01T11:51:58Z
2026-08-31T16:52:21Z,2026-08-31T16:52:22Z,31-Aug 22:22 IST,2757,Kwick Forensic Solutions,sme,2026-08-31,https://www.chittorgarh.com/ipo/kwick-forensic-solutions-ipo/2757/,90.0,90.0,1600,85.0,,2026-08-31,31-08-2026 Close,289.0,289.0,224.32,Bigshare Services Pvt.Ltd.,144000.0,0.0026475883076070806,2,2,0.9890057446589122,0.0034602076124567475,381.2527162954196,True,4.0,True,"[{""name"": ""subscription"", ""value"": 289.0, ""status"": ""pass"", ""awarded"": true}, {""name"": ""ofs_ratio"", ""value"": 0.19607843137254902, ""status"": ""pass"", ""awarded"": true}, {""name"": ""roe"", ""value"": 38.98, ""status"": ""pass"", ""awarded"": true}, {""name"": ""debt_equity"", ""value"": 0.12, ""status"": ""pass"", ""awarded"": true}]",0.8535879536218469,2026-09-03,2026-09-01,BULLISH,,True,150.0,66.66666666666667,True,2026-09-04T08:49:10Z,True,2026-09-01T11:52:00Z
2026-09-01T18:05:18Z,2026-09-01T18:05:37Z,01-Sep 23:35 IST,2435,Priority Jewels,mainboard,2026-09-01,https://www.chittorgarh.com/ipo/priority-jewels-ipo/2435/,200.0,200.0,75,31.0,,2026-09-01,01-09-2026 Close,100.45,100.45,39.87,MUFG Intime India Pvt.Ltd.,15000.0,0.002267058866884341,2.0,3.0,0.8473261407404712,0.009955201592832254,34.00588300326511,True,2.0,False,"[{""name"": ""subscription"", ""value"": 100.45, ""status"": ""pass"", ""awarded"": true}, {""name"": ""ofs_ratio"", ""value"": 0.0, ""status"": ""pass"", ""awarded"": true}, {""name"": ""roe"", ""value"": 14.49, ""status"": ""fail"", ""awarded"": false}, {""name"": ""debt_equity"", ""value"": 0.74, ""status"": ""fail"", ""awarded"": false}]",-0.18767117887956447,2026-09-04,2026-09-02,BULLISH,,True,230.0,14.999999999999991,False,2026-09-07T04:45:45Z,True,2026-09-02T11:32:52Z
2026-09-01T18:05:25Z,2026-09-01T18:05:37Z,01-Sep 23:35 IST,1198,ESDS Software Solution,mainboard,2026-09-01,https://www.chittorgarh.com/ipo/esds-software-ipo/1198/,429.0,429.0,34,257.0,,2026-09-01,01-09-2026 Close,142.88,142.88,274.97,MUFG Intime India Pvt.Ltd.,14586.0,0.0037071050766831364,1.0,3.0,0.9900647318349993,0.006998880179171333,54.07183464850023,True,4.0,True,"[{""name"": ""subscription"", ""value"": 142.88, ""status"": ""pass"", ""awarded"": true}, {""name"": ""ofs_ratio"", ""value"": 0.0, ""status"": ""pass"", ""awarded"": true}, {""name"": ""roe"", ""value"": 25.12, ""status"": ""pass"", ""awarded"": true}, {""name"": ""debt_equity"", ""value"": 0.08, ""status"": ""pass"", ""awarded"": true}]",-0.1788849186338154,2026-09-04,2026-09-02,BULLISH,,True,757.0,76.45687645687647,True,2026-09-07T04:45:47Z,True,2026-09-02T11:32:56Z
2026-09-01T18:05:31Z,2026-09-01T18:05:37Z,01-Sep 23:35 IST,3182,Complete Sports & Management India,sme,2026-09-01,https://www.chittorgarh.com/ipo/complete-sports-and-management-ipo/3182/,135.0,135.0,1000,0.0,,2026-09-01,01-09-2026 Close,3.45,3.45,7.34,Bigshare Services Pvt.Ltd.,135000.0,0.006481519831392776,,,0.09494655871036502,0.2898550724637681,875.0051772380247,False,3.0,True,"[{""name"": ""subscription"", ""value"": 3.45, ""status"": ""fail"", ""awarded"": false}, {""name"": ""ofs_ratio"", ""value"": 0.0, ""status"": ""pass"", ""awarded"": true}, {""name"": ""roe"", ""value"": 53.55, ""status"": ""pass"", ""awarded"": true}, {""name"": ""debt_equity"", ""value"": 0.21, ""status"": ""pass"", ""awarded"": true}]",0.4186301936622141,2026-09-04,2026-09-02,BULLISH,,True,139.0,2.9629629629629672,False,2026-09-07T04:45:49Z,True,2026-09-02T11:32:59Z
2026-09-01T18:05:37Z,2026-09-01T18:05:37Z,01-Sep 23:35 IST,2702,Paluck Technologies,sme,2026-09-01,https://www.chittorgarh.com/ipo/paluck-technologies-ipo/2702/,48.0,48.0,3000,20.0,,2026-09-01,01-09-2026 Close,789.16,789.16,83.89,Bigshare Services Pvt.Ltd.,144000.0,0.0008703805184811644,3.0,3.0,0.9955107256325474,0.0012671701556084952,125.33479466128767,True,3.0,True,"[{""name"": ""subscription"", ""value"": 789.16, ""status"": ""pass"", ""awarded"": true}, {""name"": ""ofs_ratio"", ""value"": 0.0, ""status"": ""pass"", ""awarded"": true}, {""name"": ""roe"", ""value"": 38.31, ""status"": ""pass"", ""awarded"": true}, {""name"": ""debt_equity"", ""value"": 0.55, ""status"": ""fail"", ""awarded"": false}]",0.9209768172026781,2026-09-04,2026-09-02,BULLISH,,True,46.8,-2.500000000000002,False,2026-09-07T04:45:51Z,True,2026-09-02T11:33:01Z
2026-09-02T14:39:48Z,2026-09-02T14:40:05Z,02-Sep 20:10 IST,2622,Purple Style Labs,mainboard,2026-09-02,https://www.chittorgarh.com/ipo/purple-style-labs-ipo/2622/,575.0,575.0,26,1.0,,2026-09-02,02-09-2026 Close,1.19,1.36,1.47,Kfin Technologies Ltd.,14950.0,-0.02182116631038817,,,0.058285937177290664,0.8403361344537815,-326.2264363403031,False,2.0,False,"[{""name"": ""subscription"", ""value"": 1.19, ""status"": ""fail"", ""awarded"": false}, {""name"": ""ofs_ratio"", ""value"": 0.0, ""status"": ""pass"", ""awarded"": true}, {""name"": ""roe"", ""value"": -160.33, ""status"": ""fail"", ""awarded"": false}, {""name"": ""debt_equity"", ""value"": null, ""status"": ""not_disclosed"", ""awarded"": true}]",-0.13003088168712623,2026-09-07,2026-09-03,BEARISH,,True,535.0,-6.956521739130439,False,2026-09-08T04:45:46Z,True,2026-09-03T11:29:14Z
2026-09-02T14:39:55Z,2026-09-02T14:40:05Z,02-Sep 20:10 IST,2751,Ashutosh Fibre,sme,2026-09-02,https://www.chittorgarh.com/ipo/ashutosh-fibre-ipo/2751/,92.0,92.0,1200,33.0,,2026-09-02,02-09-2026 Close,144.65,144.65,143.93,Kfin Technologies Ltd.,110400.0,0.00230679593110879,1.0,3.0,0.9802331774157371,0.0069132388524023505,254.67027079441038,True,2.0,False,"[{""name"": ""subscription"", ""value"": 144.65, ""status"": ""pass"", ""awarded"": true}, {""name"": ""ofs_ratio"", ""value"": 0.0, ""status"": ""pass"", ""awarded"": true}, {""name"": ""roe"", ""value"": null, ""status"": ""not_disclosed"", ""awarded"": false}, {""name"": ""debt_equity"", ""value"": 0.92, ""status"": ""fail"", ""awarded"": false}]",0.3451149519331397,2026-09-07,2026-09-03,BEARISH,,True,140.0,52.17391304347827,True,2026-09-08T04:45:48Z,True,2026-09-03T11:32:12Z
2026-09-02T14:40:00Z,2026-09-02T14:40:05Z,02-Sep 20:10 IST,2736,Shanti Inorganics,sme,2026-09-02,https://www.chittorgarh.com/ipo/shanti-inorganics-ipo/2736/,83.0,83.0,1600,13.0,,2026-09-02,02-09-2026 Close,142.17,142.17,130.97,Kfin Technologies Ltd.,132800.0,0.0018105202391032313,2.0,3.0,0.515619719501468,0.007033832735457551,240.43708775290912,True,2.0,False,"[{""name"": ""subscription"", ""value"": 142.17, ""status"": ""pass"", ""awarded"": true}, {""name"": ""ofs_ratio"", ""value"": 0.0, ""status"": ""pass"", ""awarded"": true}, {""name"": ""roe"", ""value"": 5.05, ""status"": ""fail"", ""awarded"": false}, {""name"": ""debt_equity"", ""value"": 0.69, ""status"": ""fail"", ""awarded"": false}]",0.3774831758276824,2026-09-07,2026-09-03,BEARISH,,True,157.7,89.99999999999999,True,2026-09-08T04:45:50Z,True,2026-09-03T11:34:29Z
2026-09-02T14:40:05Z,2026-09-02T14:40:05Z,02-Sep 20:10 IST,2730,Phychem Technologies,sme,2026-09-02,https://www.chittorgarh.com/ipo/phychem-technologies-ipo/2730/,54.0,54.0,2000,1.0,,2026-09-02,02-09-2026 Close,20.79,20.79,4.31,MUFG Intime India Pvt.Ltd.,108000.0,0.00016570604897556338,3.0,3.0,0.2581892295302403,0.0481000481000481,17.896253289360846,True,4.0,True,"[{""name"": ""subscription"", ""value"": 20.79, ""status"": ""pass"", ""awarded"": true}, {""name"": ""ofs_ratio"", ""value"": 0.0, ""status"": ""pass"", ""awarded"": true}, {""name"": ""roe"", ""value"": 34.82, ""status"": ""pass"", ""awarded"": true}, {""name"": ""debt_equity"", ""value"": 0.43, ""status"": ""pass"", ""awarded"": true}]",0.12335430350146322,2026-09-07,2026-09-03,BEARISH,,True,56.0,3.703703703703698,False,2026-09-08T04:45:51Z,True,2026-09-03T11:36:43Z
2026-09-03T17:49:59Z,2026-09-03T17:50:15Z,03-Sep 23:20 IST,2827,Deepa Jewellers,mainboard,2026-09-03,https://www.chittorgarh.com/ipo/deepa-jewellers-ipo/2827/,177.0,177.0,84,18.0,,2026-09-03,03-09-2026 Close,43.4,43.4,36.73,Bigshare Services Pvt.Ltd.,14868.0,0.004507706393458511,,,0.061271019814099784,0.02304147465437788,67.02057865794114,False,4.0,True,"[{""name"": ""subscription"", ""value"": 43.4, ""status"": ""pass"", ""awarded"": true}, {""name"": ""ofs_ratio"", ""value"": 0.45652173913043476, ""status"": ""pass"", ""awarded"": true}, {""name"": ""roe"", ""value"": 56.45, ""status"": ""pass"", ""awarded"": true}, {""name"": ""debt_equity"", ""value"": 0.47, ""status"": ""pass"", ""awarded"": true}]",0.021928427125231464,2026-09-08,2026-09-04,BULLISH,,True,221.0,24.858757062146886,True,2026-09-09T04:45:48Z,True,2026-09-04T11:32:25Z
2026-09-03T17:50:04Z,2026-09-03T17:50:15Z,03-Sep 23:20 IST,2787,Rays of Belief (Mom’s Belief),mainboard,2026-09-03,https://www.chittorgarh.com/ipo/rays-of-belief-ipo/2787/,239.0,239.0,62,12.0,,2026-09-03,03-09-2026 Close,107.71,107.71,9.06,Kfin Technologies Ltd.,14818.0,0.00320024672808418,,,0.6944375892120015,0.009284189026088572,47.42125601675138,False,4.0,True,"[{""name"": ""subscription"", ""value"": 107.71, ""status"": ""pass"", ""awarded"": true}, {""name"": ""ofs_ratio"", ""value"": 0.0, ""status"": ""pass"", ""awarded"": true}, {""name"": ""roe"", ""value"": 21.64, ""status"": ""pass"", ""awarded"": true}, {""name"": ""debt_equity"", ""value"": 0.12, ""status"": ""pass"", ""awarded"": true}]",-0.20285663766005332,2026-09-08,2026-09-04,BULLISH,,True,239.0,0.0,False,2026-09-09T04:45:50Z,True,2026-09-04T11:34:43Z
2026-09-03T17:50:09Z,2026-09-03T17:50:15Z,03-Sep 23:20 IST,2845,Fly-Hi Maritime Travels,sme,2026-09-03,https://www.chittorgarh.com/ipo/fly-hi-maritime-ipo/2845/,,102.0,1200,1.0,,2026-09-03,03-09-2026 Close,2.12,2.12,,Kfin Technologies Ltd.,122400.0,-0.0027134766527652583,,,0.007080450711411444,0.4716981132075471,-332.12954229846764,False,2.0,False,"[{""name"": ""subscription"", ""value"": 2.12, ""status"": ""fail"", ""awarded"": false}, {""name"": ""ofs_ratio"", ""value"": 0.18867924528301888, ""status"": ""pass"", ""awarded"": true}, {""name"": ""roe"", ""value"": 61.29, ""status"": ""pass"", ""awarded"": true}, {""name"": ""debt_equity"", ""value"": 0.72, ""status"": ""fail"", ""awarded"": false}]",0.9223369198384244,2026-09-08,2026-09-04,BULLISH,,True,81.6,-20.000000000000007,False,2026-09-09T04:45:52Z,True,2026-09-04T11:35:28Z
2026-09-03T17:50:15Z,2026-09-03T17:50:15Z,03-Sep 23:20 IST,2632,Farm Peace,sme,2026-09-03,https://www.chittorgarh.com/ipo/farm-peace-ipo/2632/,,59.0,2000,3.0,,2026-09-03,03-09-2026 Close,1.16,1.16,,Bigshare Services Pvt.Ltd.,118000.0,-0.06214317728937922,,,0.005737362825245486,0.8620689655172414,-7332.8949201467485,False,3.0,True,"[{""name"": ""subscription"", ""value"": 1.16, ""status"": ""fail"", ""awarded"": false}, {""name"": ""ofs_ratio"", ""value"": 0.0, ""status"": ""pass"", ""awarded"": true}, {""name"": ""roe"", ""value"": 18.96, ""status"": ""pass"", ""awarded"": true}, {""name"": ""debt_equity"", ""value"": 0.26, ""status"": ""pass"", ""awarded"": true}]",0.20802342395051754,2026-09-08,2026-09-04,BULLISH,,True,112.1,89.99999999999999,True,2026-09-09T04:45:53Z,True,2026-09-04T11:35:28Z
2026-09-08T10:16:19Z,2026-09-08T10:16:20Z,08-Sep 15:46 IST,2979,Qualiance International,sme,2026-09-08,https://www.chittorgarh.com/ipo/qualiance-international-ipo/2979/,127.0,127.0,1000,65.0,,2026-09-08,08-09-2026 Close,183.99,411.25,8.43,MUFG Intime India Pvt.Ltd.,127000.0,0.0020762013270293495,,,0.9980148332366627,0.0054350779933692046,263.6775685327274,True,3.0,True,"[{""name"": ""subscription"", ""value"": 183.99, ""status"": ""pass"", ""awarded"": true}, {""name"": ""ofs_ratio"", ""value"": null, ""status"": ""not_disclosed"", ""awarded"": true}, {""name"": ""roe"", ""value"": 61.56, ""status"": ""pass"", ""awarded"": true}, {""name"": ""debt_equity"", ""value"": 1.15, ""status"": ""fail"", ""awarded"": false}]",0.7321588902045985,2026-09-11,2026-09-09,BEARISH,,True,224.9,77.08661417322836,True,2026-09-14T04:45:51Z,True,2026-09-09T06:33:41Z
2026-09-09T10:16:31Z,2026-09-09T10:16:37Z,09-Sep 15:46 IST,2127,Pranav Constructions,mainboard,2026-09-09,https://www.chittorgarh.com/ipo/pranav-constructions-ipo/2127/,124.0,124.0,120,37.0,,2026-09-09,09-09-2026 Close,46.04,100.12,8.12,Kfin Technologies Ltd.,14880.0,0.0053992230539080905,,,0.8505801849695933,0.021720243266724587,80.34043904215238,True,3.0,True,"[{""name"": ""subscription"", ""value"": 46.04, ""status"": ""pass"", ""awarded"": true}, {""name"": ""ofs_ratio"", ""value"": 0.09971509971509972, ""status"": ""pass"", ""awarded"": true}, {""name"": ""roe"", ""value"": 33.78, ""status"": ""pass"", ""awarded"": true}, {""name"": ""debt_equity"", ""value"": 1.08, ""status"": ""fail"", ""awarded"": false}]",-0.185976680471197,2026-09-15,2026-09-10,BEARISH,,True,165.0,33.06451612903225,True,2026-09-16T04:45:47Z,True,2026-09-11T06:34:57Z
2026-09-09T10:16:36Z,2026-09-09T10:16:37Z,09-Sep 15:46 IST,2762,Apana Logistics,sme,2026-09-09,https://www.chittorgarh.com/ipo/apana-logistics-ipo/2762/,,60.0,2000,0.0,,2026-09-09,09-09-2026 Close,0.8,1.13,,Kfin Technologies Ltd.,120000.0,0.05227086033535269,,,0.0359292968075431,1.0,6272.503240242323,False,3.0,True,"[{""name"": ""subscription"", ""value"": 0.8, ""status"": ""fail"", ""awarded"": false}, {""name"": ""ofs_ratio"", ""value"": null, ""status"": ""not_disclosed"", ""awarded"": true}, {""name"": ""roe"", ""value"": 33.82, ""status"": ""pass"", ""awarded"": true}, {""name"": ""debt_equity"", ""value"": 0.31, ""status"": ""pass"", ""awarded"": true}]",0.17671166267738628,2026-09-15,2026-09-10,BEARISH,,True,60.0,0.0,False,2026-09-16T04:45:49Z,True,2026-09-11T06:35:42Z
2026-09-10T10:16:36Z,2026-09-10T10:16:48Z,10-Sep 15:46 IST,2856,Kanohar Electricals,mainboard,2026-09-10,https://www.chittorgarh.com/ipo/kanohar-electricals-ipo/2856/,632.0,632.0,23,225.0,,2026-09-10,10-09-2026 Close,16.77,63.31,6.92,MUFG Intime India Pvt.Ltd.,14536.0,0.016708782682723272,,,0.8977966480504895,0.05963029218843172,242.87886507606547,True,2.0,False,"[{""name"": ""subscription"", ""value"": 16.77, ""status"": ""fail"", ""awarded"": false}, {""name"": ""ofs_ratio"", ""value"": 0.7159090909090909, ""status"": ""fail"", ""awarded"": false}, {""name"": ""roe"", ""value"": 42.12, ""status"": ""pass"", ""awarded"": true}, {""name"": ""debt_equity"", ""value"": 0.1, ""status"": ""pass"", ""awarded"": true}]",0.06681224639115874,2026-09-16,2026-09-11,BEARISH,,True,685.5,8.46518987341771,False,2026-09-17T04:45:49Z,True,2026-09-11T06:35:44Z
2026-09-10T10:16:41Z,2026-09-10T10:16:48Z,10-Sep 15:46 IST,2775,Prasol Chemicals,mainboard,2026-09-10,https://www.chittorgarh.com/ipo/prasol-chemicals-ipo/2775/,676.0,676.0,22,2.0,,2026-09-10,10-09-2026 Close,1.38,2.84,1.56,Kfin Technologies Ltd.,14872.0,0.009288338441123646,,,0.009827041188895868,0.7246376811594204,138.13616929639088,False,2.0,False,"[{""name"": ""subscription"", ""value"": 1.38, ""status"": ""fail"", ""awarded"": false}, {""name"": ""ofs_ratio"", ""value"": 0.84, ""status"": ""fail"", ""awarded"": false}, {""name"": ""roe"", ""value"": 20.37, ""status"": ""pass"", ""awarded"": true}, {""name"": ""debt_equity"", ""value"": 0.19, ""status"": ""pass"", ""awarded"": true}]",0.04169374000498577,2026-09-16,2026-09-11,BEARISH,,True,610.0,-9.763313609467462,False,2026-09-17T04:45:50Z,True,2026-09-11T06:36:27Z
2026-09-10T10:16:48Z,2026-09-10T10:16:48Z,10-Sep 15:46 IST,2594,Glass Wall Systems (India),mainboard,2026-09-10,https://www.chittorgarh.com/ipo/glass-wall-systems-ipo/2594/,182.0,182.0,82,52.0,,2026-09-10,10-09-2026 Close,41.31,48.65,44.93,MUFG Intime India Pvt.Ltd.,14924.0,0.004318425994066766,,,0.6905032638928127,0.02420721374969741,64.44818953545241,False,3.0,True,"[{""name"": ""subscription"", ""value"": 41.31, ""status"": ""pass"", ""awarded"": true}, {""name"": ""ofs_ratio"", ""value"": 0.8598130841121495, ""status"": ""fail"", ""awarded"": false}, {""name"": ""roe"", ""value"": 38.62, ""status"": ""pass"", ""awarded"": true}, {""name"": ""debt_equity"", ""value"": 0.03, ""status"": ""pass"", ""awarded"": true}]",-0.19331870505230195,2026-09-16,2026-09-11,BEARISH,,True,194.0,6.593406593406592,False,2026-09-17T04:45:52Z,True,2026-09-11T06:36:29Z
2026-09-11T10:16:14Z,2026-09-11T10:16:52Z,11-Sep 15:46 IST,2971,Rentomojo,mainboard,2026-09-11,https://www.chittorgarh.com/ipo/rentomojo-ipo/2971/,404.0,404.0,37,140.0,,2026-09-11,11-09-2026 Close,15.85,46.83,7.46,Kfin Technologies Ltd.,14948.0,0.015284915281601207,,,0.7436425392461007,0.06309148264984227,228.47891362937486,False,1.0,False,"[{""name"": ""subscription"", ""value"": 15.85, ""status"": ""fail"", ""awarded"": false}, {""name"": ""ofs_ratio"", ""value"": 0.8805732484076433, ""status"": ""fail"", ""awarded"": false}, {""name"": ""roe"", ""value"": 43.51, ""status"": ""pass"", ""awarded"": true}, {""name"": ""debt_equity"", ""value"": 0.63, ""status"": ""fail"", ""awarded"": false}]",-0.009935079216035175,2026-09-17,2026-09-15,BEARISH,,True,482.45,19.418316831683157,True,2026-09-18T04:45:47Z,True,2026-09-14T06:33:43Z
2026-09-11T10:16:17Z,2026-09-11T10:16:52Z,11-Sep 15:46 IST,2558,Asset Reconstruction Co.(India),mainboard,2026-09-11,https://www.chittorgarh.com/ipo/asset-reconstruction-ipo/2558/,139.0,139.0,107,13.0,,2026-09-11,11-09-2026 Close,1.63,5.44,1.18,MUFG Intime India Pvt.Ltd.,14873.0,0.030156138434386463,,,0.06790130881274904,0.6134969325153374,448.51224693462984,False,1.0,False,"[{""name"": ""subscription"", ""value"": 1.63, ""status"": ""fail"", ""awarded"": false}, {""name"": ""ofs_ratio"", ""value"": 1.0, ""status"": ""fail"", ""awarded"": false}, {""name"": ""roe"", ""value"": null, ""status"": ""not_disclosed"", ""awarded"": false}, {""name"": ""debt_equity"", ""value"": 0.39, ""status"": ""pass"", ""awarded"": true}]",0.006048992556628035,2026-09-17,2026-09-15,BEARISH,,True,139.0,0.0,False,2026-09-18T04:45:47Z,True,2026-09-14T06:33:45Z
2026-09-11T10:16:22Z,2026-09-11T10:16:52Z,11-Sep 15:46 IST,2524,Manipal Payment & Identity Solutions (Manipal Cards),mainboard,2026-09-11,https://www.chittorgarh.com/ipo/manipal-payment-and-identity-solutions-ipo/2524/,339.0,339.0,44,5.0,,2026-09-11,11-09-2026 Close,0.65,1.31,0.47,MUFG Intime India Pvt.Ltd.,14916.0,0.014427016988302056,,,0.020256406948252217,1.0,215.19338539751345,False,2.0,False,"[{""name"": ""subscription"", ""value"": 0.65, ""status"": ""fail"", ""awarded"": false}, {""name"": ""ofs_ratio"", ""value"": 0.6024844720496895, ""status"": ""fail"", ""awarded"": false}, {""name"": ""roe"", ""value"": 29.35, ""status"": ""pass"", ""awarded"": true}, {""name"": ""debt_equity"", ""value"": null, ""status"": ""not_disclosed"", ""awarded"": true}]",-0.03443890939322405,2026-09-17,2026-09-15,BEARISH,,True,330.0,-2.6548672566371723,False,2026-09-18T04:45:50Z,True,2026-09-14T06:33:48Z
2026-09-11T10:16:27Z,2026-09-11T10:16:52Z,11-Sep 15:46 IST,2514,Steamhouse India,mainboard,2026-09-11,https://www.chittorgarh.com/ipo/steamhouse-india-ipo/2514/,81.0,81.0,185,22.75,,2026-09-11,11-09-2026 Close,4.62,19.39,1.71,Kfin Technologies Ltd.,14985.0,0.035117003554911666,,,0.7997456136265545,0.21645021645021645,526.2282982703513,False,2.0,False,"[{""name"": ""subscription"", ""value"": 4.62, ""status"": ""fail"", ""awarded"": false}, {""name"": ""ofs_ratio"", ""value"": 0.1473429951690821, ""status"": ""pass"", ""awarded"": true}, {""name"": ""roe"", ""value"": 22.36, ""status"": ""pass"", ""awarded"": true}, {""name"": ""debt_equity"", ""value"": 1.57, ""status"": ""fail"", ""awarded"": false}]",-0.01958542620549642,2026-09-17,2026-09-15,BEARISH,,True,94.5,16.666666666666675,True,2026-09-18T04:45:51Z,True,2026-09-14T06:34:28Z
2026-09-11T10:16:32Z,2026-09-11T10:16:52Z,11-Sep 15:46 IST,2086,LCC Projects,mainboard,2026-09-11,https://www.chittorgarh.com/ipo/lcc-projects-ipo/2086/,146.0,146.0,102,55.0,,2026-09-11,11-09-2026 Close,7.2,28.89,1.17,Kfin Technologies Ltd.,14892.0,0.03702328849491541,,,0.6903887027048919,0.1388888888888889,551.3508122662803,False,2.0,False,"[{""name"": ""subscription"", ""value"": 7.2, ""status"": ""fail"", ""awarded"": false}, {""name"": ""ofs_ratio"", ""value"": 0.3957845433255269, ""status"": ""pass"", ""awarded"": true}, {""name"": ""roe"", ""value"": 32.24, ""status"": ""pass"", ""awarded"": true}, {""name"": ""debt_equity"", ""value"": 0.97, ""status"": ""fail"", ""awarded"": false}]",-0.1757309558010772,2026-09-17,2026-09-15,BEARISH,,True,189.0,29.452054794520556,True,2026-09-18T04:45:53Z,True,2026-09-14T06:35:13Z
2026-09-11T10:16:38Z,2026-09-11T10:16:52Z,11-Sep 15:46 IST,2020,Karamtara Engineering,mainboard,2026-09-11,https://www.chittorgarh.com/ipo/karamtara-engineering-ipo/2020/,254.0,254.0,59,65.0,,2026-09-11,11-09-2026 Close,15.93,41.15,37.55,MUFG Intime India Pvt.Ltd.,14986.0,0.013294784783889044,,,0.7796680176697025,0.06277463904582549,199.23564477136122,False,2.0,False,"[{""name"": ""subscription"", ""value"": 15.93, ""status"": ""fail"", ""awarded"": false}, {""name"": ""ofs_ratio"", ""value"": 0.22857142857142856, ""status"": ""pass"", ""awarded"": true}, {""name"": ""roe"", ""value"": 20.77, ""status"": ""pass"", ""awarded"": true}, {""name"": ""debt_equity"", ""value"": 0.84, ""status"": ""fail"", ""awarded"": false}]",-0.043032630522627735,2026-09-17,2026-09-15,BEARISH,,True,320.0,25.984251968503933,True,2026-09-18T04:45:55Z,True,2026-09-14T06:35:16Z
2026-09-11T10:16:43Z,2026-09-11T10:16:52Z,11-Sep 15:46 IST,3163,Infrax Renewable,sme,2026-09-11,https://www.chittorgarh.com/ipo/infrax-renewable-ipo/3163/,,104.0,1200,0.0,,2026-09-11,11-09-2026 Close,1.66,1.57,,Bigshare Services Pvt.Ltd.,124800.0,0.006872957131648261,,,0.02090780251693875,0.6024096385542169,857.745050029703,False,3.0,True,"[{""name"": ""subscription"", ""value"": 1.66, ""status"": ""fail"", ""awarded"": false}, {""name"": ""ofs_ratio"", ""value"": 0.17073170731707318, ""status"": ""pass"", ""awarded"": true}, {""name"": ""roe"", ""value"": 115.54, ""status"": ""pass"", ""awarded"": true}, {""name"": ""debt_equity"", ""value"": 0.44, ""status"": ""pass"", ""awarded"": true}]",0.914064138049902,2026-09-17,2026-09-15,BEARISH,,True,104.0,0.0,False,2026-09-18T04:45:56Z,True,2026-09-14T06:35:16Z
2026-09-11T10:16:48Z,2026-09-11T10:16:52Z,11-Sep 15:46 IST,2718,Vinod Texworld,sme,2026-09-11,https://www.chittorgarh.com/ipo/vinod-texworld-ipo/2718/,,94.0,1200,1.0,,2026-09-11,11-09-2026 Close,1.5,1.49,,Kfin Technologies Ltd.,112800.0,0.007267928224333009,,,0.005684041838333021,0.6666666666666666,819.8223037047634,False,2.0,False,"[{""name"": ""subscription"", ""value"": 1.5, ""status"": ""fail"", ""awarded"": false}, {""name"": ""ofs_ratio"", ""value"": null, ""status"": ""not_disclosed"", ""awarded"": true}, {""name"": ""roe"", ""value"": 24.31, ""status"": ""pass"", ""awarded"": true}, {""name"": ""debt_equity"", ""value"": 1.65, ""status"": ""fail"", ""awarded"": false}]",0.08619352986000801,2026-09-17,2026-09-15,BEARISH,,True,94.0,0.0,False,2026-09-18T04:45:58Z,True,2026-09-14T06:35:58Z
2026-09-11T10:16:51Z,2026-09-11T10:16:52Z,11-Sep 15:46 IST,2207,Amtech Esters,sme,2026-09-11,https://www.chittorgarh.com/ipo/amtech-esters-ipo/2207/,75.0,75.0,1600,7.0,,2026-09-11,11-09-2026 Close,6.6,15.04,1.12,Maashitla Securities Pvt.Ltd.,120000.0,0.007360126147891073,,,0.0794006830252232,0.15151515151515152,883.2151377469288,False,3.0,True,"[{""name"": ""subscription"", ""value"": 6.6, ""status"": ""fail"", ""awarded"": false}, {""name"": ""ofs_ratio"", ""value"": null, ""status"": ""not_disclosed"", ""awarded"": true}, {""name"": ""roe"", ""value"": 24.17, ""status"": ""pass"", ""awarded"": true}, {""name"": ""debt_equity"", ""value"": 0.17, ""status"": ""pass"", ""awarded"": true}]",0.19675395820789174,2026-09-17,2026-09-15,BEARISH,,True,100.0,33.33333333333333,True,2026-09-18T04:45:59Z,True,2026-09-14T06:35:59Z
2026-09-15T10:16:15Z,2026-09-15T10:16:34Z,15-Sep 15:46 IST,2834,Veegaland Developers,mainboard,2026-09-15,https://www.chittorgarh.com/ipo/veegaland-developers-ipo/2834/,140.0,140.0,107,7.0,,2026-09-15,15-09-2026 Close,8.31,9.72,7.52,MUFG Intime India Pvt.Ltd.,14980.0,-0.0039759827073763045,,,0.10586362596736959,0.12033694344163658,-59.56022095649704,False,3.0,True,"[{""name"": ""subscription"", ""value"": 8.31, ""status"": ""fail"", ""awarded"": false}, {""name"": ""ofs_ratio"", ""value"": 0.0, ""status"": ""pass"", ""awarded"": true}, {""name"": ""roe"", ""value"": 16.02, ""status"": ""pass"", ""awarded"": true}, {""name"": ""debt_equity"", ""value"": 0.32, ""status"": ""pass"", ""awarded"": true}]",-0.05772741135795147,2026-09-18,2026-09-16,BEARISH,,True,154.0,10.000000000000009,False,2026-09-21T04:45:49Z,True,2026-09-16T06:31:24Z
2026-09-15T10:16:19Z,2026-09-15T10:16:34Z,15-Sep 15:46 IST,3089,Maharaja & Speedex India,sme,2026-09-15,https://www.chittorgarh.com/ipo/maharaja-speedex-ipo/3089/,186.0,186.0,600,20.0,,2026-09-15,15-09-2026 Close,0.49,15.18,0.1,Maashitla Securities Pvt.Ltd.,111600.0,0.02055726270208562,,,0.08084743638249745,1.0,2294.190517552755,False,1.0,False,"[{""name"": ""subscription"", ""value"": 0.49, ""status"": ""fail"", ""awarded"": false}, {""name"": ""ofs_ratio"", ""value"": 0.2, ""status"": ""pass"", ""awarded"": true}, {""name"": ""roe"", ""value"": null, ""status"": ""not_disclosed"", ""awarded"": false}, {""name"": ""debt_equity"", ""value"": 0.92, ""status"": ""fail"", ""awarded"": false}]",0.9666956173097575,2026-09-18,2026-09-16,BEARISH,,True,250.0,34.408602150537625,True,2026-09-21T04:45:51Z,True,2026-09-16T06:31:25Z
2026-09-15T10:16:24Z,2026-09-15T10:16:34Z,15-Sep 15:46 IST,2987,Om Galaxy,sme,2026-09-15,https://www.chittorgarh.com/ipo/om-galaxy-ipo/2987/,90.0,90.0,1600,0.0,,2026-09-15,15-09-2026 Close,1.31,1.9,3.46,Bigshare Services Pvt.Ltd.,144000.0,0.02034782749653649,,,0.04034740176468486,0.7633587786259541,2930.0871595012545,False,3.0,True,"[{""name"": ""subscription"", ""value"": 1.31, ""status"": ""fail"", ""awarded"": false}, {""name"": ""ofs_ratio"", ""value"": null, ""status"": ""not_disclosed"", ""awarded"": true}, {""name"": ""roe"", ""value"": 22.13, ""status"": ""pass"", ""awarded"": true}, {""name"": ""debt_equity"", ""value"": 0.45, ""status"": ""pass"", ""awarded"": true}]",0.7129483256796932,2026-09-18,2026-09-16,BEARISH,,True,90.2,0.22222222222223476,False,2026-09-21T04:45:53Z,True,2026-09-16T06:31:27Z
2026-09-15T10:16:29Z,2026-09-15T10:16:34Z,15-Sep 15:46 IST,2767,Raksan Transformers,sme,2026-09-15,https://www.chittorgarh.com/ipo/raksan-transformers-ipo/2767/,273.0,273.0,400,50.0,,2026-09-15,15-09-2026 Close,17.32,30.64,25.14,Bigshare Services Pvt.Ltd.,109200.0,0.004991815292517765,,,0.5519205917722251,0.057736720554272515,545.10622994294,True,3.0,True,"[{""name"": ""subscription"", ""value"": 17.32, ""status"": ""fail"", ""awarded"": false}, {""name"": ""ofs_ratio"", ""value"": 0.2, ""status"": ""pass"", ""awarded"": true}, {""name"": ""roe"", ""value"": 55.32, ""status"": ""pass"", ""awarded"": true}, {""name"": ""debt_equity"", ""value"": 0.27, ""status"": ""pass"", ""awarded"": true}]",1.01067404812418,2026-09-18,2026-09-16,BEARISH,,True,273.0,0.0,False,2026-09-21T04:45:54Z,True,2026-09-16T06:31:29Z
2026-09-15T10:16:34Z,2026-09-15T10:16:34Z,15-Sep 15:46 IST,2373,Panchatv Bharat,sme,2026-09-15,https://www.chittorgarh.com/ipo/panchatv-bharat-ipo/2373/,,140.0,1000,3.0,,2026-09-15,15-09-2026 Close,0.72,1.11,,Maashitla Securities Pvt.Ltd.,140000.0,0.028073579275421725,,,0.17933095895912796,1.0,3930.3010985590413,False,2.0,False,"[{""name"": ""subscription"", ""value"": 0.72, ""status"": ""fail"", ""awarded"": false}, {""name"": ""ofs_ratio"", ""value"": null, ""status"": ""not_disclosed"", ""awarded"": true}, {""name"": ""roe"", ""value"": 89.99, ""status"": ""pass"", ""awarded"": true}, {""name"": ""debt_equity"", ""value"": 2.26, ""status"": ""fail"", ""awarded"": false}]",-0.021856287320051397,2026-09-18,2026-09-16,BEARISH,,True,128.95,-7.892857142857146,False,2026-09-21T04:45:56Z,True,2026-09-16T06:31:30Z
2026-09-16T16:23:12Z,2026-09-16T16:23:23Z,16-Sep 21:53 IST,2483,Manika Plastech,mainboard,2026-09-16,https://www.chittorgarh.com/ipo/manika-plastech-ipo/2483/,43.0,43.0,348,2.0,,2026-09-16,16-09-2026 Close,29.46,29.46,11.22,MUFG Intime India Pvt.Ltd.,14964.0,0.0021171468322414245,,,0.03793689280217112,0.03394433129667346,31.680985197660675,False,3.0,True,"[{""name"": ""subscription"", ""value"": 29.46, ""status"": ""pass"", ""awarded"": true}, {""name"": ""ofs_ratio"", ""value"": 0.264, ""status"": ""pass"", ""awarded"": true}, {""name"": ""roe"", ""value"": 15.18, ""status"": ""pass"", ""awarded"": true}, {""name"": ""debt_equity"", ""value"": 0.6, ""status"": ""fail"", ""awarded"": false}]",-0.18151085450953944,2026-09-21,2026-09-17,BEARISH,,True,43.0,0.0,False,2026-09-22T04:45:47Z,True,2026-09-17T06:31:13Z
2026-09-16T16:23:17Z,2026-09-16T16:23:23Z,16-Sep 21:53 IST,2625,Injecto Polymers,sme,2026-09-16,https://www.chittorgarh.com/ipo/injecto-polymers-ipo/2625/,100.0,100.0,1200,0.0,,2026-09-16,16-09-2026 Close,1.23,1.23,1.57,Integrated Registry Management Services Pvt.Ltd.,120000.0,0.0031773683104832614,,,0.00695768288331554,0.8130081300813008,381.28419725799137,False,2.0,False,"[{""name"": ""subscription"", ""value"": 1.23, ""status"": ""fail"", ""awarded"": false}, {""name"": ""ofs_ratio"", ""value"": null, ""status"": ""not_disclosed"", ""awarded"": true}, {""name"": ""roe"", ""value"": 28.94, ""status"": ""pass"", ""awarded"": true}, {""name"": ""debt_equity"", ""value"": 2.61, ""status"": ""fail"", ""awarded"": false}]",0.41461926523305265,2026-09-21,2026-09-17,BEARISH,,True,99.0,-1.0000000000000009,False,2026-09-22T04:45:48Z,True,2026-09-17T06:31:14Z
2026-09-16T16:23:22Z,2026-09-16T16:23:23Z,16-Sep 21:53 IST,2604,Century Business Media,sme,2026-09-16,https://www.chittorgarh.com/ipo/century-business-media-ipo/2604/,74.0,74.0,1600,0.0,,2026-09-16,16-09-2026 Close,57.93,57.93,47.53,Kfin Technologies Ltd.,118400.0,0.003396671730610327,,,0.4420154593359195,0.017262213015708613,402.1659329042627,True,4.0,True,"[{""name"": ""subscription"", ""value"": 57.93, ""status"": ""pass"", ""awarded"": true}, {""name"": ""ofs_ratio"", ""value"": null, ""status"": ""not_disclosed"", ""awarded"": true}, {""name"": ""roe"", ""value"": 36.44, ""status"": ""pass"", ""awarded"": true}, {""name"": ""debt_equity"", ""value"": 0.44, ""status"": ""pass"", ""awarded"": true}]",0.6136718980103412,2026-09-21,2026-09-17,BEARISH,,True,74.0,0.0,False,2026-09-22T04:45:50Z,True,2026-09-17T06:33:32Z
2026-09-17T10:16:15Z,2026-09-17T10:16:26Z,17-Sep 15:46 IST,2709,Vama Wovenfab,sme,2026-09-17,https://www.chittorgarh.com/ipo/vama-wovenfab-ipo/2709/,341.0,341.0,400,3.0,,2026-09-17,17-09-2026 Close,2.12,2.36,1.0,Maashitla Securities Pvt.Ltd.,136400.0,-0.005508900179770429,,,0.03446083611831019,0.4716981132075471,-751.4139845206865,False,2.0,False,"[{""name"": ""subscription"", ""value"": 2.12, ""status"": ""fail"", ""awarded"": false}, {""name"": ""ofs_ratio"", ""value"": null, ""status"": ""not_disclosed"", ""awarded"": true}, {""name"": ""roe"", ""value"": 50.37, ""status"": ""pass"", ""awarded"": true}, {""name"": ""debt_equity"", ""value"": 0.89, ""status"": ""fail"", ""awarded"": false}]",0.8122067545945865,2026-09-22,2026-09-18,BULLISH,,True,341.0,0.0,False,2026-09-23T04:45:46Z,True,2026-09-18T06:31:23Z
2026-09-17T10:16:20Z,2026-09-17T10:16:26Z,17-Sep 15:46 IST,2427,Shakti Polytarp,sme,2026-09-17,https://www.chittorgarh.com/ipo/shakti-polytarp-ipo/2427/,59.0,59.0,2000,0.0,,2026-09-17,17-09-2026 Close,0.93,1.91,0.45,Skyline Financial Services Pvt.Ltd.,118000.0,-0.05524583067312638,,,0.017545274050877243,1.0,-6519.008019428912,False,2.0,False,"[{""name"": ""subscription"", ""value"": 0.93, ""status"": ""fail"", ""awarded"": false}, {""name"": ""ofs_ratio"", ""value"": null, ""status"": ""not_disclosed"", ""awarded"": true}, {""name"": ""roe"", ""value"": 44.04, ""status"": ""pass"", ""awarded"": true}, {""name"": ""debt_equity"", ""value"": 2.6, ""status"": ""fail"", ""awarded"": false}]",0.7876306941924446,2026-09-22,2026-09-18,BULLISH,,True,58.9,-0.16949152542372614,False,2026-09-23T04:45:48Z,True,2026-09-18T06:31:24Z
2026-09-17T10:16:25Z,2026-09-17T10:16:26Z,17-Sep 15:46 IST,2390,Quanto Agroworld,sme,2026-09-17,https://www.chittorgarh.com/ipo/quanto-agroworld-ipo/2390/,,67.0,2000,0.0,,2026-09-17,17-09-2026 Close,0.53,1.12,,MUFG Intime India Pvt.Ltd.,134000.0,0.017136788748497996,,,0.17901035248388464,1.0,2296.3296922987315,False,3.0,True,"[{""name"": ""subscription"", ""value"": 0.53, ""status"": ""fail"", ""awarded"": false}, {""name"": ""ofs_ratio"", ""value"": null, ""status"": ""not_disclosed"", ""awarded"": true}, {""name"": ""roe"", ""value"": 24.68, ""status"": ""pass"", ""awarded"": true}, {""name"": ""debt_equity"", ""value"": 0.16, ""status"": ""pass"", ""awarded"": true}]",0.4004598897509234,2026-09-22,2026-09-18,BULLISH,,True,66.99,-0.014925373134333508,False,2026-09-23T04:45:49Z,True,2026-09-18T06:31:29Z
2026-09-18T10:16:20Z,2026-09-18T10:16:29Z,18-Sep 15:46 IST,2822,SS Retail,mainboard,2026-09-18,https://www.chittorgarh.com/ipo/ss-retail-ipo/2822/,424.0,424.0,35,149.0,,2026-09-18,18-09-2026 Close,13.02,74.92,0.29,Kfin Technologies Ltd.,14840.0,0.019189425812587087,,,0.7932207804640549,0.07680491551459294,284.7710790587924,False,2.0,False,"[{""name"": ""subscription"", ""value"": 13.02, ""status"": ""fail"", ""awarded"": false}, {""name"": ""ofs_ratio"", ""value"": 0.28, ""status"": ""pass"", ""awarded"": true}, {""name"": ""roe"", ""value"": 30.6, ""status"": ""pass"", ""awarded"": true}, {""name"": ""debt_equity"", ""value"": 0.7, ""status"": ""fail"", ""awarded"": false}]",-0.03935750516501232,2026-09-23,2026-09-21,BULLISH,,False,,,,,True,2026-09-21T06:33:21Z
2026-09-18T10:16:24Z,2026-09-18T10:16:29Z,18-Sep 15:46 IST,2803,Jindal Supreme (India),mainboard,2026-09-18,https://www.chittorgarh.com/ipo/jindal-supreme-ipo/2803/,93.0,93.0,161,33.0,,2026-09-18,18-09-2026 Close,105.3,210.33,18.41,Bigshare Services Pvt.Ltd.,14973.0,0.0029732784327982224,,,0.9716214871544803,0.00949667616334283,44.51889797428778,True,3.0,True,"[{""name"": ""subscription"", ""value"": 105.3, ""status"": ""pass"", ""awarded"": true}, {""name"": ""ofs_ratio"", ""value"": 0.2, ""status"": ""pass"", ""awarded"": true}, {""name"": ""roe"", ""value"": 26.28, ""status"": ""pass"", ""awarded"": true}, {""name"": ""debt_equity"", ""value"": 1.24, ""status"": ""fail"", ""awarded"": false}]",-0.24468606369414375,2026-09-23,2026-09-21,BULLISH,,False,,,,,True,2026-09-21T06:33:22Z
2026-09-18T10:16:28Z,2026-09-18T10:16:29Z,18-Sep 15:46 IST,2225,Hero Motors,mainboard,2026-09-18,https://www.chittorgarh.com/ipo/hero-motors-ipo/2225/,84.0,84.0,178,4.0,,2026-09-18,18-09-2026 Close,8.1,8.64,0.65,Kfin Technologies Ltd.,14952.0,0.005794279857070127,,,0.03515273764774598,0.1234567901234568,86.63607242291253,False,1.0,False,"[{""name"": ""subscription"", ""value"": 8.1, ""status"": ""fail"", ""awarded"": false}, {""name"": ""ofs_ratio"", ""value"": 0.4, ""status"": ""pass"", ""awarded"": true}, {""name"": ""roe"", ""value"": 8.56, ""status"": ""fail"", ""awarded"": false}, {""name"": ""debt_equity"", ""value"": 0.83, ""status"": ""fail"", ""awarded"": false}]",0.07801938997654492,2026-09-23,2026-09-21,BULLISH,,False,,,,,True,2026-09-21T06:34:52Z
2026-09-21T10:16:17Z,2026-09-21T10:18:41Z,21-Sep 15:48 IST,3151,National Stock Exchange of India,mainboard,2026-09-21,https://www.chittorgarh.com/ipo/nse-ipo/3151/,1785.0,1785.0,8,,,,,3.75,,7.72,MUFG Intime India Pvt.Ltd.,14280.0,0.03558798750768221,,,0.5382870109873811,0.26666666666666666,508.19646160970194,False,2.0,False,"[{""name"": ""subscription"", ""value"": 3.75, ""status"": ""fail"", ""awarded"": false}, {""name"": ""ofs_ratio"", ""value"": 1.0, ""status"": ""fail"", ""awarded"": false}, {""name"": ""roe"", ""value"": 32.98, ""status"": ""pass"", ""awarded"": true}, {""name"": ""debt_equity"", ""value"": null, ""status"": ""not_disclosed"", ""awarded"": true}]",-0.05424582975047904,2026-09-24,2026-09-22,BULLISH,,False,,,,,False,
2026-09-21T10:16:21Z,2026-09-21T10:18:41Z,21-Sep 15:48 IST,2805,Sonaselection India,mainboard,2026-09-21,https://www.chittorgarh.com/ipo/sonaselection-india-ipo/2805/,99.0,99.0,150,,,,,1.66,,0.69,Kfin Technologies Ltd.,14850.0,-0.011318776807502104,,,0.023232956900585633,0.6024096385542169,-168.08383559140626,False,2.0,False,"[{""name"": ""subscription"", ""value"": 1.66, ""status"": ""fail"", ""awarded"": false}, {""name"": ""ofs_ratio"", ""value"": 0.0, ""status"": ""pass"", ""awarded"": true}, {""name"": ""roe"", ""value"": 39.05, ""status"": ""pass"", ""awarded"": true}, {""name"": ""debt_equity"", ""value"": 2.48, ""status"": ""fail"", ""awarded"": false}]",-0.1569076629737506,2026-09-24,2026-09-22,BULLISH,,False,,,,,False,
2026-09-21T10:18:20Z,2026-09-21T10:18:41Z,21-Sep 15:48 IST,2950,SpectraA Technology Solutions,sme,2026-09-21,https://www.chittorgarh.com/ipo/spectraa-technology-solutions-ipo/2950/,118.0,118.0,1200,,,,,142.58,,37.97,Maashitla Securities Pvt.Ltd.,141600.0,0.0018219375761274758,,,0.8555094347719017,0.007013606396409033,257.98636077965057,True,3.0,True,"[{""name"": ""subscription"", ""value"": 142.58, ""status"": ""pass"", ""awarded"": true}, {""name"": ""ofs_ratio"", ""value"": 0.09302325581395349, ""status"": ""pass"", ""awarded"": true}, {""name"": ""roe"", ""value"": 60.95, ""status"": ""pass"", ""awarded"": true}, {""name"": ""debt_equity"", ""value"": 1.09, ""status"": ""fail"", ""awarded"": false}]",0.6786658900267548,2026-09-24,2026-09-22,BULLISH,,False,,,,,False,
2026-09-21T10:18:40Z,2026-09-21T10:18:41Z,21-Sep 15:48 IST,2760,Kheria Autocomp,sme,2026-09-21,https://www.chittorgarh.com/ipo/kheria-autocomp-ipo/2760/,101.0,101.0,1200,,,,,1.62,,1.03,Kfin Technologies Ltd.,121200.0,-0.0009744187973415091,,,0.013257381932522445,0.6172839506172839,-118.0995582377909,False,2.0,False,"[{""name"": ""subscription"", ""value"": 1.62, ""status"": ""fail"", ""awarded"": false}, {""name"": ""ofs_ratio"", ""value"": null, ""status"": ""not_disclosed"", ""awarded"": true}, {""name"": ""roe"", ""value"": 33.72, ""status"": ""pass"", ""awarded"": true}, {""name"": ""debt_equity"", ""value"": 0.89, ""status"": ""fail"", ""awarded"": false}]",0.39984121204421463,2026-09-24,2026-09-22,BULLISH,,False,,,,,False,
2026-09-22T10:16:29Z,2026-09-22T10:16:29Z,22-Sep 15:46 IST,2193,Axiom Gas Engineering,sme,2026-09-22,https://www.chittorgarh.com/ipo/axiom-gas-engineering-ipo/2193/,54.0,54.0,2000,,,,,1.12,,0.8,Kfin Technologies Ltd.,108000.0,-0.016707612414957967,,,0.15996698102553536,0.8928571428571428,-1804.4221408154604,False,3.0,True,"[{""name"": ""subscription"", ""value"": 1.12, ""status"": ""fail"", ""awarded"": false}, {""name"": ""ofs_ratio"", ""value"": null, ""status"": ""not_disclosed"", ""awarded"": true}, {""name"": ""roe"", ""value"": 28.4, ""status"": ""pass"", ""awarded"": true}, {""name"": ""debt_equity"", ""value"": 0.48, ""status"": ""pass"", ""awarded"": true}]",0.3915847222715741,2026-09-25,2026-09-23,BULLISH,,False,,,,,False,
